flare_index,overlapping_flares
423 CLASS B FLARES BELOW,
0,[]
,
1,[]
,
2,[]
,
3,"['251,B', '329,B', '349,B']"
,
4,"['12,B']"
,
5,"['65,B']"
,
6,[]
,
7,"['256,B']"
,
8,"['245,B', '293,B']"
,
9,[]
,
10,[]
,
11,"['161,B', '335,B']"
,
12,"['4,B']"
,
13,"['79,B', '371,B']"
,
14,"['271,B']"
,
15,[]
,
16,"['128,B']"
,
17,[]
,
18,"['97,B', '298,B', '316,B']"
,
19,[]
,
20,[]
,
21,"['112,B']"
,
22,[]
,
23,[]
,
24,[]
,
25,"['195,B', '304,B', '321,B']"
,
26,[]
,
27,[]
,
28,[]
,
29,[]
,
30,[]
,
31,[]
,
32,"['116,B']"
,
33,[]
,
34,[]
,
35,"['323,B']"
,
36,[]
,
37,"['165,B', '414,B']"
,
38,[]
,
39,"['63,B', '273,B']"
,
40,[]
,
41,[]
,
42,[]
,
43,"['362,B']"
,
44,"['184,B']"
,
45,"['181,B']"
,
46,"['185,B', '320,B']"
,
47,[]
,
48,"['92,B', '256,B']"
,
49,[]
,
50,[]
,
51,[]
,
52,"['334,B', '407,B']"
,
53,[]
,
54,[]
,
55,[]
,
56,[]
,
57,[]
,
58,"['137,B', '328,B']"
,
59,[]
,
60,"['169,B']"
,
61,[]
,
62,[]
,
63,"['39,B', '273,B']"
,
64,"['111,B', '120,B', '144,B', '392,B']"
,
65,"['5,B']"
,
66,[]
,
67,[]
,
68,[]
,
69,[]
,
70,"['276,B']"
,
71,"['319,B']"
,
72,"['85,B']"
,
73,[]
,
74,[]
,
75,[]
,
76,[]
,
77,"['169,B', '174,B', '356,B']"
,
78,[]
,
79,"['13,B', '371,B']"
,
80,[]
,
81,"['139,B']"
,
82,"['91,B', '114,B']"
,
83,"['300,B', '417,B']"
,
84,[]
,
85,"['72,B']"
,
86,[]
,
87,[]
,
88,[]
,
89,[]
,
90,"['109,B', '163,B', '413,B']"
,
91,"['82,B', '114,B']"
,
92,"['48,B', '390,B']"
,
93,[]
,
94,[]
,
95,[]
,
96,"['406,B']"
,
97,"['18,B', '298,B', '316,B']"
,
98,[]
,
99,"['132,B']"
,
100,[]
,
101,[]
,
102,[]
,
103,[]
,
104,[]
,
105,"['383,B']"
,
106,[]
,
107,"['151,B', '380,B']"
,
108,[]
,
109,"['90,B', '163,B', '413,B']"
,
110,[]
,
111,"['64,B', '120,B', '144,B', '392,B']"
,
112,"['21,B', '268,B']"
,
113,[]
,
114,"['82,B', '91,B']"
,
115,[]
,
116,"['32,B']"
,
117,[]
,
118,[]
,
119,"['220,B']"
,
120,"['64,B', '111,B', '144,B', '392,B']"
,
121,[]
,
122,[]
,
123,"['257,B']"
,
124,"['140,B', '203,B']"
,
125,[]
,
126,"['274,B']"
,
127,[]
,
128,"['16,B']"
,
129,[]
,
130,"['242,B']"
,
131,[]
,
132,"['99,B']"
,
133,"['145,B']"
,
134,[]
,
135,[]
,
136,[]
,
137,"['58,B', '328,B']"
,
138,[]
,
139,"['81,B']"
,
140,"['124,B', '203,B']"
,
141,[]
,
142,[]
,
143,[]
,
144,"['64,B', '111,B', '120,B', '392,B']"
,
145,"['133,B']"
,
146,[]
,
147,[]
,
148,[]
,
149,"['172,B']"
,
150,[]
,
151,"['107,B', '380,B']"
,
152,[]
,
153,"['332,B']"
,
154,[]
,
155,[]
,
156,"['217,B']"
,
157,[]
,
158,[]
,
159,[]
,
160,[]
,
161,"['11,B']"
,
162,[]
,
163,"['90,B', '109,B', '413,B']"
,
164,"['373,B']"
,
165,"['37,B', '414,B']"
,
166,[]
,
167,[]
,
168,[]
,
169,"['60,B', '77,B', '174,B', '356,B']"
,
170,[]
,
171,[]
,
172,"['149,B']"
,
173,[]
,
174,"['77,B', '169,B', '356,B']"
,
175,[]
,
176,[]
,
177,"['383,B']"
,
178,[]
,
179,"['232,B', '289,B', '422,B']"
,
180,[]
,
181,"['45,B']"
,
182,[]
,
183,[]
,
184,"['44,B']"
,
185,"['46,B', '320,B']"
,
186,[]
,
187,"['327,B']"
,
188,[]
,
189,"['268,B']"
,
190,[]
,
191,[]
,
192,[]
,
193,[]
,
194,[]
,
195,"['25,B', '321,B']"
,
196,"['227,B']"
,
197,[]
,
198,[]
,
199,[]
,
200,[]
,
201,[]
,
202,"['247,B']"
,
203,"['124,B', '140,B']"
,
204,"['291,B']"
,
205,[]
,
206,"['314,B']"
,
207,[]
,
208,[]
,
209,[]
,
210,[]
,
211,[]
,
212,[]
,
213,[]
,
214,"['369,B']"
,
215,[]
,
216,[]
,
217,"['156,B', '260,B']"
,
218,[]
,
219,[]
,
220,"['119,B']"
,
221,[]
,
222,[]
,
223,[]
,
224,[]
,
225,[]
,
226,[]
,
227,"['196,B']"
,
228,"['272,B']"
,
229,"['334,B']"
,
230,[]
,
231,[]
,
232,"['179,B', '289,B', '422,B']"
,
233,"['421,B']"
,
234,"['353,B']"
,
235,[]
,
236,[]
,
237,[]
,
238,"['359,B']"
,
239,[]
,
240,[]
,
241,[]
,
242,"['130,B', '297,B']"
,
243,"['363,B']"
,
244,[]
,
245,"['8,B', '293,B']"
,
246,"['278,B', '324,B']"
,
247,"['202,B']"
,
248,[]
,
249,"['261,B']"
,
250,[]
,
251,"['3,B', '329,B', '349,B']"
,
252,"['411,B']"
,
253,"['377,B']"
,
254,[]
,
255,"['403,B', '409,B']"
,
256,"['7,B', '48,B']"
,
257,"['123,B']"
,
258,[]
,
259,[]
,
260,"['217,B']"
,
261,"['249,B']"
,
262,[]
,
263,"['331,B']"
,
264,"['341,B', '398,B']"
,
265,[]
,
266,"['306,B']"
,
267,[]
,
268,"['112,B', '189,B']"
,
269,[]
,
270,[]
,
271,"['14,B']"
,
272,"['228,B']"
,
273,"['39,B', '63,B']"
,
274,"['126,B']"
,
275,[]
,
276,"['70,B']"
,
277,[]
,
278,"['246,B', '324,B']"
,
279,[]
,
280,[]
,
281,[]
,
282,[]
,
283,[]
,
284,[]
,
285,[]
,
286,[]
,
287,[]
,
288,[]
,
289,"['179,B', '232,B', '422,B']"
,
290,[]
,
291,"['204,B']"
,
292,[]
,
293,"['8,B', '245,B']"
,
294,[]
,
295,[]
,
296,[]
,
297,"['242,B']"
,
298,"['18,B', '97,B', '316,B']"
,
299,[]
,
300,"['83,B', '417,B']"
,
301,[]
,
302,[]
,
303,[]
,
304,"['25,B']"
,
305,[]
,
306,"['266,B']"
,
307,[]
,
308,[]
,
309,"['344,B', '351,B']"
,
310,[]
,
311,[]
,
312,[]
,
313,"['379,B']"
,
314,"['206,B']"
,
315,[]
,
316,"['18,B', '97,B', '298,B']"
,
317,[]
,
318,"['350,B']"
,
319,"['71,B']"
,
320,"['46,B', '185,B']"
,
321,"['25,B', '195,B']"
,
322,[]
,
323,"['35,B']"
,
324,"['246,B', '278,B']"
,
325,[]
,
326,[]
,
327,"['187,B']"
,
328,"['58,B', '137,B']"
,
329,"['3,B', '251,B', '349,B']"
,
330,[]
,
331,"['263,B']"
,
332,"['153,B']"
,
333,[]
,
334,"['52,B', '229,B', '407,B']"
,
335,"['11,B']"
,
336,[]
,
337,"['387,B']"
,
338,[]
,
339,[]
,
340,[]
,
341,"['264,B', '398,B']"
,
342,[]
,
343,[]
,
344,"['309,B', '351,B']"
,
345,[]
,
346,[]
,
347,"['357,B']"
,
348,[]
,
349,"['3,B', '251,B', '329,B']"
,
350,"['318,B']"
,
351,"['309,B', '344,B']"
,
352,[]
,
353,"['234,B']"
,
354,[]
,
355,[]
,
356,"['77,B', '169,B', '174,B']"
,
357,"['347,B']"
,
358,[]
,
359,"['238,B']"
,
360,[]
,
361,[]
,
362,"['43,B']"
,
363,"['243,B']"
,
364,[]
,
365,[]
,
366,[]
,
367,[]
,
368,[]
,
369,"['214,B']"
,
370,[]
,
371,"['13,B', '79,B']"
,
372,[]
,
373,"['164,B']"
,
374,[]
,
375,[]
,
376,[]
,
377,"['253,B']"
,
378,[]
,
379,"['313,B', '402,B']"
,
380,"['107,B', '151,B']"
,
381,[]
,
382,[]
,
383,"['105,B', '177,B']"
,
384,[]
,
385,[]
,
386,[]
,
387,"['337,B']"
,
388,[]
,
389,[]
,
390,"['92,B']"
,
391,[]
,
392,"['64,B', '111,B', '120,B', '144,B']"
,
393,[]
,
394,[]
,
395,[]
,
396,[]
,
397,[]
,
398,"['264,B', '341,B']"
,
399,[]
,
400,[]
,
401,[]
,
402,"['379,B']"
,
403,"['255,B', '409,B']"
,
404,[]
,
405,[]
,
406,"['96,B']"
,
407,"['52,B', '334,B']"
,
408,[]
,
409,"['255,B', '403,B']"
,
410,[]
,
411,"['252,B']"
,
412,[]
,
413,"['90,B', '109,B', '163,B']"
,
414,"['37,B', '165,B']"
,
415,[]
,
416,[]
,
417,"['83,B', '300,B']"
,
418,[]
,
419,[]
,
420,[]
,
421,"['233,B']"
,
422,"['179,B', '232,B', '289,B']"
577 CLASS C FLARES BELOW,
423,"['658,C']"
,
424,"['910,C', '963,C']"
,
425,"['700,C']"
,
426,[]
,
427,"['546,C']"
,
428,[]
,
429,[]
,
430,[]
,
431,[]
,
432,[]
,
433,"['803,C']"
,
434,"['696,C']"
,
435,[]
,
436,"['534,C', '610,C']"
,
437,"['759,C']"
,
438,[]
,
439,[]
,
440,"['706,C', '864,C', '991,C']"
,
441,"['569,C', '654,C']"
,
442,"['503,C', '720,C', '862,C', '930,C']"
,
443,"['723,C']"
,
444,"['644,C']"
,
445,[]
,
446,[]
,
447,[]
,
448,"['905,C']"
,
449,"['538,C', '685,C', '693,C', '779,C']"
,
450,[]
,
451,"['459,C', '475,C', '849,C']"
,
452,"['823,C']"
,
453,[]
,
454,[]
,
455,"['620,C']"
,
456,"['876,C', '901,C', '914,C']"
,
457,[]
,
458,[]
,
459,"['451,C', '849,C']"
,
460,"['595,C', '774,C', '813,C']"
,
461,[]
,
462,[]
,
463,"['564,C', '888,C', '939,C']"
,
464,[]
,
465,[]
,
466,[]
,
467,"['712,C', '907,C']"
,
468,"['736,C']"
,
469,"['540,C']"
,
470,"['660,C', '882,C', '889,C', '925,C']"
,
471,"['641,C']"
,
472,"['490,C', '953,C']"
,
473,[]
,
474,"['570,C']"
,
475,"['451,C', '849,C']"
,
476,[]
,
477,"['860,C']"
,
478,"['746,C']"
,
479,"['772,C', '793,C']"
,
480,[]
,
481,"['530,C', '645,C']"
,
482,"['735,C', '952,C']"
,
483,[]
,
484,[]
,
485,"['544,C', '752,C', '972,C']"
,
486,[]
,
487,[]
,
488,[]
,
489,"['517,C', '989,C']"
,
490,"['472,C', '953,C']"
,
491,"['636,C', '899,C']"
,
492,"['678,C', '800,C']"
,
493,[]
,
494,"['820,C']"
,
495,[]
,
496,[]
,
497,"['665,C', '707,C']"
,
498,"['719,C']"
,
499,[]
,
500,"['661,C', '751,C', '810,C', '902,C', '951,C']"
,
501,"['559,C', '795,C', '805,C', '985,C']"
,
502,[]
,
503,"['442,C', '720,C', '862,C', '930,C']"
,
504,"['617,C', '819,C']"
,
505,[]
,
506,[]
,
507,"['664,C']"
,
508,[]
,
509,"['778,C', '880,C']"
,
510,"['900,C']"
,
511,[]
,
512,[]
,
513,"['619,C']"
,
514,[]
,
515,"['711,C']"
,
516,"['572,C', '729,C']"
,
517,"['489,C', '989,C']"
,
518,[]
,
519,"['644,C']"
,
520,"['754,C']"
,
521,"['700,C', '851,C', '852,C']"
,
522,[]
,
523,"['563,C']"
,
524,[]
,
525,[]
,
526,[]
,
527,[]
,
528,[]
,
529,"['638,C', '792,C', '908,C']"
,
530,"['481,C', '645,C']"
,
531,"['832,C', '979,C']"
,
532,"['744,C']"
,
533,"['556,C']"
,
534,"['436,C', '610,C']"
,
535,"['926,C']"
,
536,"['927,C']"
,
537,[]
,
538,"['449,C', '685,C', '693,C', '779,C']"
,
539,[]
,
540,"['469,C', '970,C']"
,
541,"['812,C']"
,
542,[]
,
543,"['920,C']"
,
544,"['485,C', '752,C', '832,C', '972,C']"
,
545,[]
,
546,"['427,C']"
,
547,"['604,C']"
,
548,[]
,
549,"['672,C']"
,
550,"['683,C', '781,C', '896,C']"
,
551,"['808,C', '813,C', '981,C']"
,
552,"['826,C']"
,
553,"['643,C', '850,C']"
,
554,[]
,
555,[]
,
556,"['533,C']"
,
557,[]
,
558,"['575,C']"
,
559,"['501,C', '795,C', '805,C', '985,C']"
,
560,[]
,
561,[]
,
562,[]
,
563,"['523,C']"
,
564,"['463,C', '888,C', '939,C']"
,
565,"['747,C', '753,C', '794,C', '941,C']"
,
566,"['721,C', '739,C', '909,C']"
,
567,[]
,
568,[]
,
569,"['441,C', '654,C', '854,C']"
,
570,"['474,C']"
,
571,[]
,
572,"['516,C', '729,C']"
,
573,"['877,C']"
,
574,[]
,
575,"['558,C']"
,
576,[]
,
577,[]
,
578,"['662,C', '977,C']"
,
579,"['891,C', '934,C']"
,
580,"['717,C']"
,
581,"['648,C']"
,
582,"['843,C']"
,
583,[]
,
584,"['918,C']"
,
585,[]
,
586,[]
,
587,[]
,
588,"['974,C']"
,
589,[]
,
590,"['928,C']"
,
591,[]
,
592,"['858,C']"
,
593,[]
,
594,[]
,
595,"['460,C', '774,C']"
,
596,[]
,
597,[]
,
598,"['997,C']"
,
599,[]
,
600,[]
,
601,"['919,C']"
,
602,[]
,
603,"['701,C']"
,
604,"['547,C']"
,
605,[]
,
606,[]
,
607,[]
,
608,[]
,
609,[]
,
610,"['436,C', '534,C']"
,
611,[]
,
612,[]
,
613,[]
,
614,[]
,
615,"['841,C']"
,
616,"['836,C']"
,
617,"['504,C', '819,C']"
,
618,"['872,C']"
,
619,"['513,C']"
,
620,"['455,C']"
,
621,[]
,
622,[]
,
623,[]
,
624,[]
,
625,[]
,
626,[]
,
627,[]
,
628,"['674,C']"
,
629,[]
,
630,"['940,C']"
,
631,"['764,C']"
,
632,[]
,
633,[]
,
634,"['799,C']"
,
635,"['860,C']"
,
636,"['491,C', '801,C', '899,C']"
,
637,[]
,
638,"['529,C']"
,
639,[]
,
640,[]
,
641,"['471,C']"
,
642,[]
,
643,"['553,C', '871,C']"
,
644,"['444,C', '519,C']"
,
645,"['481,C', '530,C']"
,
646,"['758,C']"
,
647,[]
,
648,"['581,C']"
,
649,[]
,
650,"['895,C']"
,
651,[]
,
652,[]
,
653,[]
,
654,"['441,C', '569,C']"
,
655,"['705,C', '911,C']"
,
656,[]
,
657,"['917,C']"
,
658,"['423,C']"
,
659,"['788,C']"
,
660,"['470,C', '882,C', '889,C', '925,C']"
,
661,"['500,C', '751,C', '810,C', '902,C', '951,C']"
,
662,"['578,C']"
,
663,[]
,
664,"['507,C']"
,
665,"['497,C', '707,C']"
,
666,"['801,C']"
,
667,[]
,
668,[]
,
669,"['746,C', '999,C']"
,
670,[]
,
671,[]
,
672,"['549,C']"
,
673,[]
,
674,"['628,C']"
,
675,[]
,
676,[]
,
677,[]
,
678,"['492,C', '800,C']"
,
679,[]
,
680,"['790,C']"
,
681,[]
,
682,[]
,
683,"['550,C', '781,C', '896,C']"
,
684,[]
,
685,"['449,C', '538,C', '693,C', '779,C']"
,
686,"['842,C']"
,
687,[]
,
688,"['809,C']"
,
689,[]
,
690,[]
,
691,[]
,
692,[]
,
693,"['449,C', '538,C', '685,C', '779,C']"
,
694,[]
,
695,"['710,C', '815,C']"
,
696,"['434,C']"
,
697,[]
,
698,[]
,
699,"['950,C']"
,
700,"['425,C', '521,C', '852,C']"
,
701,"['603,C', '878,C', '937,C']"
,
702,[]
,
703,"['890,C']"
,
704,[]
,
705,"['655,C', '911,C']"
,
706,"['440,C', '864,C', '991,C']"
,
707,"['497,C', '665,C']"
,
708,[]
,
709,[]
,
710,"['695,C', '815,C']"
,
711,"['515,C', '784,C']"
,
712,"['467,C', '907,C']"
,
713,[]
,
714,"['741,C']"
,
715,[]
,
716,"['830,C']"
,
717,"['580,C']"
,
718,"['947,C']"
,
719,"['498,C', '838,C']"
,
720,"['442,C', '503,C', '862,C', '930,C']"
,
721,"['566,C', '896,C', '909,C']"
,
722,[]
,
723,"['443,C']"
,
724,"['996,C']"
,
725,[]
,
726,[]
,
727,[]
,
728,[]
,
729,"['516,C', '572,C']"
,
730,"['806,C']"
,
731,[]
,
732,[]
,
733,[]
,
734,[]
,
735,"['482,C', '952,C']"
,
736,"['468,C']"
,
737,[]
,
738,[]
,
739,"['566,C']"
,
740,[]
,
741,"['714,C']"
,
742,[]
,
743,[]
,
744,"['532,C']"
,
745,[]
,
746,"['478,C', '669,C', '999,C']"
,
747,"['565,C', '753,C', '794,C', '941,C']"
,
748,[]
,
749,[]
,
750,[]
,
751,"['500,C', '661,C', '810,C', '902,C', '951,C']"
,
752,"['485,C', '544,C', '972,C']"
,
753,"['565,C', '747,C', '794,C', '941,C']"
,
754,"['520,C']"
,
755,[]
,
756,"['984,C']"
,
757,"['817,C']"
,
758,"['646,C']"
,
759,"['437,C']"
,
760,"['875,C']"
,
761,[]
,
762,[]
,
763,[]
,
764,"['631,C']"
,
765,[]
,
766,[]
,
767,"['931,C']"
,
768,[]
,
769,[]
,
770,[]
,
771,"['973,C']"
,
772,"['479,C']"
,
773,[]
,
774,"['460,C', '595,C', '813,C']"
,
775,[]
,
776,[]
,
777,[]
,
778,"['509,C', '880,C']"
,
779,"['449,C', '538,C', '685,C', '693,C']"
,
780,[]
,
781,"['550,C', '683,C', '896,C']"
,
782,[]
,
783,"['804,C']"
,
784,"['711,C']"
,
785,[]
,
786,[]
,
787,[]
,
788,"['659,C']"
,
789,[]
,
790,"['680,C']"
,
791,"['897,C']"
,
792,"['529,C', '908,C']"
,
793,"['479,C']"
,
794,"['565,C', '747,C', '753,C', '941,C']"
,
795,"['501,C', '559,C', '805,C', '985,C']"
,
796,"['818,C', '821,C']"
,
797,[]
,
798,[]
,
799,"['634,C']"
,
800,"['492,C', '678,C']"
,
801,"['636,C', '666,C']"
,
802,[]
,
803,"['433,C']"
,
804,"['783,C']"
,
805,"['501,C', '559,C', '795,C', '985,C']"
,
806,"['730,C', '924,C', '954,C']"
,
807,[]
,
808,"['551,C', '981,C']"
,
809,"['688,C']"
,
810,"['500,C', '661,C', '751,C', '902,C', '951,C']"
,
811,"['992,C']"
,
812,"['541,C']"
,
813,"['460,C', '551,C', '774,C']"
,
814,[]
,
815,"['695,C', '710,C']"
,
816,"['990,C']"
,
817,"['757,C', '936,C']"
,
818,"['796,C', '821,C']"
,
819,"['504,C', '617,C']"
,
820,"['494,C']"
,
821,"['796,C', '818,C']"
,
822,[]
,
823,"['452,C']"
,
824,[]
,
825,"['933,C']"
,
826,"['552,C']"
,
827,[]
,
828,[]
,
829,[]
,
830,"['716,C']"
,
831,"['935,C', '959,C']"
,
832,"['531,C', '544,C', '972,C', '979,C']"
,
833,[]
,
834,"['957,C']"
,
835,[]
,
836,"['616,C']"
,
837,[]
,
838,"['719,C']"
,
839,[]
,
840,[]
,
841,"['615,C']"
,
842,"['686,C']"
,
843,"['582,C']"
,
844,[]
,
845,[]
,
846,[]
,
847,"['881,C']"
,
848,[]
,
849,"['451,C', '459,C', '475,C']"
,
850,"['553,C']"
,
851,"['521,C', '852,C']"
,
852,"['521,C', '700,C', '851,C']"
,
853,[]
,
854,"['569,C']"
,
855,[]
,
856,[]
,
857,[]
,
858,"['592,C']"
,
859,"['915,C']"
,
860,"['477,C', '635,C']"
,
861,[]
,
862,"['442,C', '503,C', '720,C', '930,C']"
,
863,[]
,
864,"['440,C', '706,C', '991,C']"
,
865,[]
,
866,[]
,
867,[]
,
868,[]
,
869,[]
,
870,[]
,
871,"['643,C']"
,
872,"['618,C']"
,
873,[]
,
874,"['904,C', '936,C']"
,
875,"['760,C']"
,
876,"['456,C', '914,C']"
,
877,"['573,C']"
,
878,"['701,C', '937,C']"
,
879,[]
,
880,"['509,C', '778,C']"
,
881,"['847,C']"
,
882,"['470,C', '660,C', '889,C', '925,C']"
,
883,[]
,
884,[]
,
885,[]
,
886,[]
,
887,[]
,
888,"['463,C', '564,C', '939,C']"
,
889,"['470,C', '660,C', '882,C', '925,C']"
,
890,"['703,C']"
,
891,"['579,C', '934,C']"
,
892,[]
,
893,[]
,
894,"['968,C']"
,
895,"['650,C']"
,
896,"['550,C', '683,C', '721,C', '781,C', '909,C']"
,
897,"['791,C']"
,
898,[]
,
899,"['491,C', '636,C']"
,
900,"['510,C']"
,
901,"['456,C']"
,
902,"['500,C', '661,C', '751,C', '810,C', '951,C']"
,
903,"['969,C']"
,
904,"['874,C', '936,C']"
,
905,"['448,C']"
,
906,[]
,
907,"['467,C', '712,C']"
,
908,"['529,C', '792,C']"
,
909,"['566,C', '721,C', '896,C']"
,
910,"['424,C', '963,C']"
,
911,"['655,C', '705,C']"
,
912,[]
,
913,"['938,C']"
,
914,"['456,C', '876,C']"
,
915,"['859,C']"
,
916,[]
,
917,"['657,C']"
,
918,"['584,C']"
,
919,"['601,C']"
,
920,"['543,C']"
,
921,[]
,
922,[]
,
923,[]
,
924,"['806,C', '954,C']"
,
925,"['470,C', '660,C', '882,C', '889,C']"
,
926,"['535,C']"
,
927,"['536,C']"
,
928,"['590,C']"
,
929,[]
,
930,"['442,C', '503,C', '720,C', '862,C']"
,
931,"['767,C']"
,
932,[]
,
933,"['825,C']"
,
934,"['579,C', '891,C']"
,
935,"['831,C']"
,
936,"['817,C', '874,C', '904,C']"
,
937,"['701,C', '878,C']"
,
938,"['913,C']"
,
939,"['463,C', '564,C', '888,C']"
,
940,"['630,C']"
,
941,"['565,C', '747,C', '753,C', '794,C']"
,
942,[]
,
943,[]
,
944,[]
,
945,[]
,
946,[]
,
947,"['718,C']"
,
948,[]
,
949,[]
,
950,"['699,C']"
,
951,"['500,C', '661,C', '751,C', '810,C', '902,C']"
,
952,"['482,C', '735,C']"
,
953,"['472,C', '490,C']"
,
954,"['806,C', '924,C']"
,
955,[]
,
956,[]
,
957,"['834,C']"
,
958,[]
,
959,"['831,C']"
,
960,[]
,
961,[]
,
962,[]
,
963,"['424,C', '910,C']"
,
964,[]
,
965,[]
,
966,[]
,
967,[]
,
968,"['894,C']"
,
969,"['903,C']"
,
970,"['540,C']"
,
971,[]
,
972,"['485,C', '544,C', '752,C', '832,C']"
,
973,"['771,C']"
,
974,"['588,C']"
,
975,[]
,
976,[]
,
977,"['578,C']"
,
978,[]
,
979,"['531,C', '832,C']"
,
980,[]
,
981,"['551,C', '808,C']"
,
982,[]
,
983,[]
,
984,"['756,C']"
,
985,"['501,C', '559,C', '795,C', '805,C']"
,
986,[]
,
987,[]
,
988,[]
,
989,"['489,C', '517,C']"
,
990,"['816,C']"
,
991,"['440,C', '706,C', '864,C']"
,
992,"['811,C']"
,
993,[]
,
994,[]
,
995,[]
,
996,"['724,C']"
,
997,"['598,C']"
,
998,[]
,
999,"['669,C', '746,C']"
715 CLASS M FLARES BELOW,
1000,[]
,
1001,[]
,
1002,[]
,
1003,[]
,
1004,[]
,
1005,"['1006,M']"
,
1006,"['1005,M']"
,
1007,[]
,
1008,[]
,
1009,[]
,
1010,"['1011,M']"
,
1011,"['1010,M']"
,
1012,"['1013,M']"
,
1013,"['1012,M']"
,
1014,"['1015,M', '1016,M', '1017,M', '1018,M']"
,
1015,"['1014,M', '1016,M', '1017,M', '1018,M']"
,
1016,"['1014,M', '1015,M', '1017,M', '1018,M']"
,
1017,"['1014,M', '1015,M', '1016,M', '1018,M']"
,
1018,"['1014,M', '1015,M', '1016,M', '1017,M']"
,
1019,[]
,
1020,[]
,
1021,"['1022,M', '1023,M', '1024,M', '1025,M', '1026,M', '1027,M', '1028,M', '1029,M']"
,
1022,"['1021,M', '1023,M', '1024,M', '1025,M', '1026,M', '1027,M', '1028,M', '1029,M']"
,
1023,"['1021,M', '1022,M', '1024,M', '1025,M', '1026,M', '1027,M', '1028,M', '1029,M']"
,
1024,"['1021,M', '1022,M', '1023,M', '1025,M', '1026,M', '1027,M', '1028,M', '1029,M']"
,
1025,"['1021,M', '1022,M', '1023,M', '1024,M', '1026,M', '1027,M', '1028,M', '1029,M', '1030,M']"
,
1026,"['1021,M', '1022,M', '1023,M', '1024,M', '1025,M', '1027,M', '1028,M', '1029,M', '1030,M', '1031,M']"
,
1027,"['1021,M', '1022,M', '1023,M', '1024,M', '1025,M', '1026,M', '1028,M', '1029,M', '1030,M', '1031,M', '1032,M']"
,
1028,"['1021,M', '1022,M', '1023,M', '1024,M', '1025,M', '1026,M', '1027,M', '1029,M', '1030,M', '1031,M', '1032,M']"
,
1029,"['1021,M', '1022,M', '1023,M', '1024,M', '1025,M', '1026,M', '1027,M', '1028,M', '1030,M', '1031,M', '1032,M']"
,
1030,"['1025,M', '1026,M', '1027,M', '1028,M', '1029,M', '1031,M', '1032,M']"
,
1031,"['1026,M', '1027,M', '1028,M', '1029,M', '1030,M', '1032,M', '1033,M', '1034,M']"
,
1032,"['1027,M', '1028,M', '1029,M', '1030,M', '1031,M', '1033,M', '1034,M']"
,
1033,"['1031,M', '1032,M', '1034,M']"
,
1034,"['1031,M', '1032,M', '1033,M']"
,
1035,[]
,
1036,"['1037,M']"
,
1037,"['1036,M']"
,
1038,[]
,
1039,[]
,
1040,[]
,
1041,[]
,
1042,"['1043,M']"
,
1043,"['1042,M']"
,
1044,"['1045,M']"
,
1045,"['1044,M']"
,
1046,[]
,
1047,[]
,
1048,[]
,
1049,[]
,
1050,"['1051,M', '1052,M']"
,
1051,"['1050,M', '1052,M', '1053,M']"
,
1052,"['1050,M', '1051,M', '1053,M', '1054,M']"
,
1053,"['1051,M', '1052,M', '1054,M']"
,
1054,"['1052,M', '1053,M']"
,
1055,"['1056,M']"
,
1056,"['1055,M']"
,
1057,"['1058,M', '1059,M']"
,
1058,"['1057,M', '1059,M', '1060,M']"
,
1059,"['1057,M', '1058,M', '1060,M']"
,
1060,"['1058,M', '1059,M']"
,
1061,"['1062,M', '1063,M']"
,
1062,"['1061,M', '1063,M']"
,
1063,"['1061,M', '1062,M', '1064,M']"
,
1064,"['1063,M']"
,
1065,"['1066,M']"
,
1066,"['1065,M', '1067,M']"
,
1067,"['1066,M', '1068,M', '1069,M']"
,
1068,"['1067,M', '1069,M', '1070,M', '1071,M', '1072,M', '1073,M', '1074,M', '1075,M', '1076,M']"
,
1069,"['1067,M', '1068,M', '1070,M', '1071,M', '1072,M', '1073,M', '1074,M', '1075,M', '1076,M']"
,
1070,"['1068,M', '1069,M', '1071,M', '1072,M', '1073,M', '1074,M', '1075,M', '1076,M', '1077,M', '1078,M', '1079,M', '1080,M', '1081,M']"
,
1071,"['1068,M', '1069,M', '1070,M', '1072,M', '1073,M', '1074,M', '1075,M', '1076,M', '1077,M', '1078,M', '1079,M', '1080,M', '1081,M', '1082,M', '1083,M']"
,
1072,"['1068,M', '1069,M', '1070,M', '1071,M', '1073,M', '1074,M', '1075,M', '1076,M', '1077,M', '1078,M', '1079,M', '1080,M', '1081,M', '1082,M', '1083,M']"
,
1073,"['1068,M', '1069,M', '1070,M', '1071,M', '1072,M', '1074,M', '1075,M', '1076,M', '1077,M', '1078,M', '1079,M', '1080,M', '1081,M', '1082,M', '1083,M']"
,
1074,"['1068,M', '1069,M', '1070,M', '1071,M', '1072,M', '1073,M', '1075,M', '1076,M', '1077,M', '1078,M', '1079,M', '1080,M', '1081,M', '1082,M', '1083,M']"
,
1075,"['1068,M', '1069,M', '1070,M', '1071,M', '1072,M', '1073,M', '1074,M', '1076,M', '1077,M', '1078,M', '1079,M', '1080,M', '1081,M', '1082,M', '1083,M']"
,
1076,"['1068,M', '1069,M', '1070,M', '1071,M', '1072,M', '1073,M', '1074,M', '1075,M', '1077,M', '1078,M', '1079,M', '1080,M', '1081,M', '1082,M', '1083,M']"
,
1077,"['1070,M', '1071,M', '1072,M', '1073,M', '1074,M', '1075,M', '1076,M', '1078,M', '1079,M', '1080,M', '1081,M', '1082,M', '1083,M']"
,
1078,"['1070,M', '1071,M', '1072,M', '1073,M', '1074,M', '1075,M', '1076,M', '1077,M', '1079,M', '1080,M', '1081,M', '1082,M', '1083,M']"
,
1079,"['1070,M', '1071,M', '1072,M', '1073,M', '1074,M', '1075,M', '1076,M', '1077,M', '1078,M', '1080,M', '1081,M', '1082,M', '1083,M']"
,
1080,"['1070,M', '1071,M', '1072,M', '1073,M', '1074,M', '1075,M', '1076,M', '1077,M', '1078,M', '1079,M', '1081,M', '1082,M', '1083,M', '1084,M']"
,
1081,"['1070,M', '1071,M', '1072,M', '1073,M', '1074,M', '1075,M', '1076,M', '1077,M', '1078,M', '1079,M', '1080,M', '1082,M', '1083,M', '1084,M']"
,
1082,"['1071,M', '1072,M', '1073,M', '1074,M', '1075,M', '1076,M', '1077,M', '1078,M', '1079,M', '1080,M', '1081,M', '1083,M', '1084,M', '1085,M']"
,
1083,"['1071,M', '1072,M', '1073,M', '1074,M', '1075,M', '1076,M', '1077,M', '1078,M', '1079,M', '1080,M', '1081,M', '1082,M', '1084,M', '1085,M']"
,
1084,"['1080,M', '1081,M', '1082,M', '1083,M', '1085,M']"
,
1085,"['1082,M', '1083,M', '1084,M']"
,
1086,[]
,
1087,"['1088,M']"
,
1088,"['1087,M', '1089,M']"
,
1089,"['1088,M', '1090,M']"
,
1090,"['1089,M']"
,
1091,[]
,
1092,[]
,
1093,"['1094,M']"
,
1094,"['1093,M', '1095,M']"
,
1095,"['1094,M', '1096,M']"
,
1096,"['1095,M', '1097,M', '1098,M']"
,
1097,"['1096,M', '1098,M', '1099,M', '1100,M']"
,
1098,"['1096,M', '1097,M', '1099,M', '1100,M', '1101,M']"
,
1099,"['1097,M', '1098,M', '1100,M', '1101,M']"
,
1100,"['1097,M', '1098,M', '1099,M', '1101,M']"
,
1101,"['1098,M', '1099,M', '1100,M']"
,
1102,[]
,
1103,"['1104,M', '1105,M']"
,
1104,"['1103,M', '1105,M']"
,
1105,"['1103,M', '1104,M']"
,
1106,"['1107,M']"
,
1107,"['1106,M', '1108,M']"
,
1108,"['1107,M']"
,
1109,"['1110,M', '1111,M']"
,
1110,"['1109,M', '1111,M']"
,
1111,"['1109,M', '1110,M']"
,
1112,"['1113,M']"
,
1113,"['1112,M']"
,
1114,[]
,
1115,[]
,
1116,"['1117,M']"
,
1117,"['1116,M']"
,
1118,[]
,
1119,[]
,
1120,[]
,
1121,[]
,
1122,"['1123,M', '1124,M', '1125,M', '1126,M', '1127,M', '1128,M', '1129,M']"
,
1123,"['1122,M', '1124,M', '1125,M', '1126,M', '1127,M', '1128,M', '1129,M']"
,
1124,"['1122,M', '1123,M', '1125,M', '1126,M', '1127,M', '1128,M', '1129,M']"
,
1125,"['1122,M', '1123,M', '1124,M', '1126,M', '1127,M', '1128,M', '1129,M', '1130,M']"
,
1126,"['1122,M', '1123,M', '1124,M', '1125,M', '1127,M', '1128,M', '1129,M', '1130,M']"
,
1127,"['1122,M', '1123,M', '1124,M', '1125,M', '1126,M', '1128,M', '1129,M', '1130,M']"
,
1128,"['1122,M', '1123,M', '1124,M', '1125,M', '1126,M', '1127,M', '1129,M', '1130,M']"
,
1129,"['1122,M', '1123,M', '1124,M', '1125,M', '1126,M', '1127,M', '1128,M', '1130,M']"
,
1130,"['1125,M', '1126,M', '1127,M', '1128,M', '1129,M']"
,
1131,[]
,
1132,[]
,
1133,"['1134,M']"
,
1134,"['1133,M', '1135,M']"
,
1135,"['1134,M']"
,
1136,[]
,
1137,[]
,
1138,[]
,
1139,[]
,
1140,"['1141,M', '1142,M']"
,
1141,"['1140,M', '1142,M', '1143,M']"
,
1142,"['1140,M', '1141,M', '1143,M']"
,
1143,"['1141,M', '1142,M', '1144,M']"
,
1144,"['1143,M', '1145,M']"
,
1145,"['1144,M', '1146,M']"
,
1146,"['1145,M', '1147,M', '1148,M', '1149,M']"
,
1147,"['1146,M', '1148,M', '1149,M']"
,
1148,"['1146,M', '1147,M', '1149,M', '1150,M']"
,
1149,"['1146,M', '1147,M', '1148,M', '1150,M']"
,
1150,"['1148,M', '1149,M']"
,
1151,[]
,
1152,[]
,
1153,[]
,
1154,"['1155,M', '1156,M']"
,
1155,"['1154,M', '1156,M']"
,
1156,"['1154,M', '1155,M']"
,
1157,[]
,
1158,[]
,
1159,"['1160,M']"
,
1160,"['1159,M']"
,
1161,"['1162,M']"
,
1162,"['1161,M']"
,
1163,"['1164,M', '1165,M']"
,
1164,"['1163,M', '1165,M', '1166,M', '1167,M']"
,
1165,"['1163,M', '1164,M', '1166,M', '1167,M']"
,
1166,"['1164,M', '1165,M', '1167,M']"
,
1167,"['1164,M', '1165,M', '1166,M']"
,
1168,"['1169,M', '1170,M', '1171,M', '1172,M', '1173,M', '1174,M', '1175,M', '1176,M', '1177,M']"
,
1169,"['1168,M', '1170,M', '1171,M', '1172,M', '1173,M', '1174,M', '1175,M', '1176,M', '1177,M', '1178,M', '1179,M']"
,
1170,"['1168,M', '1169,M', '1171,M', '1172,M', '1173,M', '1174,M', '1175,M', '1176,M', '1177,M', '1178,M', '1179,M', '1180,M', '1181,M']"
,
1171,"['1168,M', '1169,M', '1170,M', '1172,M', '1173,M', '1174,M', '1175,M', '1176,M', '1177,M', '1178,M', '1179,M', '1180,M', '1181,M', '1182,M']"
,
1172,"['1168,M', '1169,M', '1170,M', '1171,M', '1173,M', '1174,M', '1175,M', '1176,M', '1177,M', '1178,M', '1179,M', '1180,M', '1181,M', '1182,M']"
,
1173,"['1168,M', '1169,M', '1170,M', '1171,M', '1172,M', '1174,M', '1175,M', '1176,M', '1177,M', '1178,M', '1179,M', '1180,M', '1181,M', '1182,M', '1183,M', '1184,M']"
,
1174,"['1168,M', '1169,M', '1170,M', '1171,M', '1172,M', '1173,M', '1175,M', '1176,M', '1177,M', '1178,M', '1179,M', '1180,M', '1181,M', '1182,M', '1183,M', '1184,M']"
,
1175,"['1168,M', '1169,M', '1170,M', '1171,M', '1172,M', '1173,M', '1174,M', '1176,M', '1177,M', '1178,M', '1179,M', '1180,M', '1181,M', '1182,M', '1183,M', '1184,M']"
,
1176,"['1168,M', '1169,M', '1170,M', '1171,M', '1172,M', '1173,M', '1174,M', '1175,M', '1177,M', '1178,M', '1179,M', '1180,M', '1181,M', '1182,M', '1183,M', '1184,M', '1185,M']"
,
1177,"['1168,M', '1169,M', '1170,M', '1171,M', '1172,M', '1173,M', '1174,M', '1175,M', '1176,M', '1178,M', '1179,M', '1180,M', '1181,M', '1182,M', '1183,M', '1184,M', '1185,M', '1186,M']"
,
1178,"['1169,M', '1170,M', '1171,M', '1172,M', '1173,M', '1174,M', '1175,M', '1176,M', '1177,M', '1179,M', '1180,M', '1181,M', '1182,M', '1183,M', '1184,M', '1185,M', '1186,M']"
,
1179,"['1169,M', '1170,M', '1171,M', '1172,M', '1173,M', '1174,M', '1175,M', '1176,M', '1177,M', '1178,M', '1180,M', '1181,M', '1182,M', '1183,M', '1184,M', '1185,M', '1186,M']"
,
1180,"['1170,M', '1171,M', '1172,M', '1173,M', '1174,M', '1175,M', '1176,M', '1177,M', '1178,M', '1179,M', '1181,M', '1182,M', '1183,M', '1184,M', '1185,M', '1186,M', '1187,M', '1188,M']"
,
1181,"['1170,M', '1171,M', '1172,M', '1173,M', '1174,M', '1175,M', '1176,M', '1177,M', '1178,M', '1179,M', '1180,M', '1182,M', '1183,M', '1184,M', '1185,M', '1186,M', '1187,M', '1188,M']"
,
1182,"['1171,M', '1172,M', '1173,M', '1174,M', '1175,M', '1176,M', '1177,M', '1178,M', '1179,M', '1180,M', '1181,M', '1183,M', '1184,M', '1185,M', '1186,M', '1187,M', '1188,M', '1189,M']"
,
1183,"['1173,M', '1174,M', '1175,M', '1176,M', '1177,M', '1178,M', '1179,M', '1180,M', '1181,M', '1182,M', '1184,M', '1185,M', '1186,M', '1187,M', '1188,M', '1189,M', '1190,M']"
,
1184,"['1173,M', '1174,M', '1175,M', '1176,M', '1177,M', '1178,M', '1179,M', '1180,M', '1181,M', '1182,M', '1183,M', '1185,M', '1186,M', '1187,M', '1188,M', '1189,M', '1190,M']"
,
1185,"['1176,M', '1177,M', '1178,M', '1179,M', '1180,M', '1181,M', '1182,M', '1183,M', '1184,M', '1186,M', '1187,M', '1188,M', '1189,M', '1190,M']"
,
1186,"['1177,M', '1178,M', '1179,M', '1180,M', '1181,M', '1182,M', '1183,M', '1184,M', '1185,M', '1187,M', '1188,M', '1189,M', '1190,M']"
,
1187,"['1180,M', '1181,M', '1182,M', '1183,M', '1184,M', '1185,M', '1186,M', '1188,M', '1189,M', '1190,M', '1191,M']"
,
1188,"['1180,M', '1181,M', '1182,M', '1183,M', '1184,M', '1185,M', '1186,M', '1187,M', '1189,M', '1190,M', '1191,M', '1192,M']"
,
1189,"['1182,M', '1183,M', '1184,M', '1185,M', '1186,M', '1187,M', '1188,M', '1190,M', '1191,M', '1192,M', '1193,M']"
,
1190,"['1183,M', '1184,M', '1185,M', '1186,M', '1187,M', '1188,M', '1189,M', '1191,M', '1192,M', '1193,M']"
,
1191,"['1187,M', '1188,M', '1189,M', '1190,M', '1192,M', '1193,M']"
,
1192,"['1188,M', '1189,M', '1190,M', '1191,M', '1193,M', '1194,M']"
,
1193,"['1189,M', '1190,M', '1191,M', '1192,M', '1194,M', '1195,M']"
,
1194,"['1192,M', '1193,M', '1195,M', '1196,M', '1197,M']"
,
1195,"['1193,M', '1194,M', '1196,M', '1197,M']"
,
1196,"['1194,M', '1195,M', '1197,M']"
,
1197,"['1194,M', '1195,M', '1196,M']"
,
1198,"['1199,M', '1200,M']"
,
1199,"['1198,M', '1200,M']"
,
1200,"['1198,M', '1199,M']"
,
1201,[]
,
1202,[]
,
1203,[]
,
1204,[]
,
1205,"['1206,M']"
,
1206,"['1205,M']"
,
1207,[]
,
1208,[]
,
1209,[]
,
1210,"['1211,M', '1212,M', '1213,M']"
,
1211,"['1210,M', '1212,M', '1213,M', '1214,M']"
,
1212,"['1210,M', '1211,M', '1213,M', '1214,M', '1215,M', '1216,M']"
,
1213,"['1210,M', '1211,M', '1212,M', '1214,M', '1215,M', '1216,M']"
,
1214,"['1211,M', '1212,M', '1213,M', '1215,M', '1216,M']"
,
1215,"['1212,M', '1213,M', '1214,M', '1216,M']"
,
1216,"['1212,M', '1213,M', '1214,M', '1215,M']"
,
1217,[]
,
1218,[]
,
1219,[]
,
1220,[]
,
1221,[]
,
1222,[]
,
1223,"['1224,M']"
,
1224,"['1223,M']"
,
1225,[]
,
1226,[]
,
1227,"['1228,M', '1229,M', '1230,M']"
,
1228,"['1227,M', '1229,M', '1230,M']"
,
1229,"['1227,M', '1228,M', '1230,M', '1231,M']"
,
1230,"['1227,M', '1228,M', '1229,M', '1231,M']"
,
1231,"['1229,M', '1230,M']"
,
1232,"['1233,M', '1234,M']"
,
1233,"['1232,M', '1234,M']"
,
1234,"['1232,M', '1233,M']"
,
1235,"['1236,M']"
,
1236,"['1235,M']"
,
1237,[]
,
1238,[]
,
1239,"['1240,M']"
,
1240,"['1239,M']"
,
1241,"['1242,M']"
,
1242,"['1241,M']"
,
1243,[]
,
1244,[]
,
1245,[]
,
1246,[]
,
1247,[]
,
1248,[]
,
1249,[]
,
1250,[]
,
1251,[]
,
1252,"['1253,M']"
,
1253,"['1252,M']"
,
1254,[]
,
1255,"['1256,M']"
,
1256,"['1255,M']"
,
1257,"['1258,M', '1259,M']"
,
1258,"['1257,M', '1259,M']"
,
1259,"['1257,M', '1258,M']"
,
1260,"['1261,M']"
,
1261,"['1260,M']"
,
1262,[]
,
1263,[]
,
1264,[]
,
1265,[]
,
1266,[]
,
1267,[]
,
1268,[]
,
1269,[]
,
1270,[]
,
1271,"['1272,M']"
,
1272,"['1271,M']"
,
1273,[]
,
1274,[]
,
1275,"['1276,M']"
,
1276,"['1275,M']"
,
1277,[]
,
1278,"['1279,M', '1280,M']"
,
1279,"['1278,M', '1280,M']"
,
1280,"['1278,M', '1279,M', '1281,M']"
,
1281,"['1280,M', '1282,M', '1283,M', '1284,M', '1285,M', '1286,M']"
,
1282,"['1281,M', '1283,M', '1284,M', '1285,M', '1286,M']"
,
1283,"['1281,M', '1282,M', '1284,M', '1285,M', '1286,M']"
,
1284,"['1281,M', '1282,M', '1283,M', '1285,M', '1286,M']"
,
1285,"['1281,M', '1282,M', '1283,M', '1284,M', '1286,M', '1287,M']"
,
1286,"['1281,M', '1282,M', '1283,M', '1284,M', '1285,M', '1287,M', '1288,M']"
,
1287,"['1285,M', '1286,M', '1288,M', '1289,M', '1290,M', '1291,M']"
,
1288,"['1286,M', '1287,M', '1289,M', '1290,M', '1291,M', '1292,M', '1293,M']"
,
1289,"['1287,M', '1288,M', '1290,M', '1291,M', '1292,M', '1293,M', '1294,M']"
,
1290,"['1287,M', '1288,M', '1289,M', '1291,M', '1292,M', '1293,M', '1294,M']"
,
1291,"['1287,M', '1288,M', '1289,M', '1290,M', '1292,M', '1293,M', '1294,M', '1295,M', '1296,M']"
,
1292,"['1288,M', '1289,M', '1290,M', '1291,M', '1293,M', '1294,M', '1295,M', '1296,M']"
,
1293,"['1288,M', '1289,M', '1290,M', '1291,M', '1292,M', '1294,M', '1295,M', '1296,M']"
,
1294,"['1289,M', '1290,M', '1291,M', '1292,M', '1293,M', '1295,M', '1296,M']"
,
1295,"['1291,M', '1292,M', '1293,M', '1294,M', '1296,M', '1297,M']"
,
1296,"['1291,M', '1292,M', '1293,M', '1294,M', '1295,M', '1297,M']"
,
1297,"['1295,M', '1296,M', '1298,M', '1299,M']"
,
1298,"['1297,M', '1299,M', '1300,M', '1301,M', '1302,M', '1303,M']"
,
1299,"['1297,M', '1298,M', '1300,M', '1301,M', '1302,M', '1303,M']"
,
1300,"['1298,M', '1299,M', '1301,M', '1302,M', '1303,M']"
,
1301,"['1298,M', '1299,M', '1300,M', '1302,M', '1303,M']"
,
1302,"['1298,M', '1299,M', '1300,M', '1301,M', '1303,M']"
,
1303,"['1298,M', '1299,M', '1300,M', '1301,M', '1302,M']"
,
1304,[]
,
1305,[]
,
1306,"['1307,M']"
,
1307,"['1306,M']"
,
1308,"['1309,M']"
,
1309,"['1308,M', '1310,M']"
,
1310,"['1309,M', '1311,M']"
,
1311,"['1310,M', '1312,M']"
,
1312,"['1311,M', '1313,M']"
,
1313,"['1312,M']"
,
1314,[]
,
1315,[]
,
1316,[]
,
1317,"['1318,M']"
,
1318,"['1317,M', '1319,M']"
,
1319,"['1318,M']"
,
1320,[]
,
1321,"['1322,M']"
,
1322,"['1321,M']"
,
1323,[]
,
1324,"['1325,M']"
,
1325,"['1324,M']"
,
1326,"['1327,M', '1328,M', '1329,M', '1330,M', '1331,M']"
,
1327,"['1326,M', '1328,M', '1329,M', '1330,M', '1331,M']"
,
1328,"['1326,M', '1327,M', '1329,M', '1330,M', '1331,M', '1332,M']"
,
1329,"['1326,M', '1327,M', '1328,M', '1330,M', '1331,M', '1332,M']"
,
1330,"['1326,M', '1327,M', '1328,M', '1329,M', '1331,M', '1332,M']"
,
1331,"['1326,M', '1327,M', '1328,M', '1329,M', '1330,M', '1332,M']"
,
1332,"['1328,M', '1329,M', '1330,M', '1331,M']"
,
1333,[]
,
1334,"['1335,M']"
,
1335,"['1334,M', '1336,M']"
,
1336,"['1335,M', '1337,M']"
,
1337,"['1336,M', '1338,M', '1339,M']"
,
1338,"['1337,M', '1339,M', '1340,M']"
,
1339,"['1337,M', '1338,M', '1340,M']"
,
1340,"['1338,M', '1339,M', '1341,M']"
,
1341,"['1340,M']"
,
1342,"['1343,M', '1344,M']"
,
1343,"['1342,M', '1344,M']"
,
1344,"['1342,M', '1343,M']"
,
1345,[]
,
1346,"['1347,M', '1348,M']"
,
1347,"['1346,M', '1348,M']"
,
1348,"['1346,M', '1347,M', '1349,M', '1350,M', '1351,M', '1352,M', '1353,M']"
,
1349,"['1348,M', '1350,M', '1351,M', '1352,M', '1353,M', '1354,M']"
,
1350,"['1348,M', '1349,M', '1351,M', '1352,M', '1353,M', '1354,M']"
,
1351,"['1348,M', '1349,M', '1350,M', '1352,M', '1353,M', '1354,M']"
,
1352,"['1348,M', '1349,M', '1350,M', '1351,M', '1353,M', '1354,M']"
,
1353,"['1348,M', '1349,M', '1350,M', '1351,M', '1352,M', '1354,M']"
,
1354,"['1349,M', '1350,M', '1351,M', '1352,M', '1353,M']"
,
1355,"['1356,M', '1357,M']"
,
1356,"['1355,M', '1357,M']"
,
1357,"['1355,M', '1356,M', '1358,M']"
,
1358,"['1357,M', '1359,M', '1360,M']"
,
1359,"['1358,M', '1360,M']"
,
1360,"['1358,M', '1359,M', '1361,M']"
,
1361,"['1360,M', '1362,M', '1363,M', '1364,M', '1365,M', '1366,M', '1367,M']"
,
1362,"['1361,M', '1363,M', '1364,M', '1365,M', '1366,M', '1367,M']"
,
1363,"['1361,M', '1362,M', '1364,M', '1365,M', '1366,M', '1367,M']"
,
1364,"['1361,M', '1362,M', '1363,M', '1365,M', '1366,M', '1367,M']"
,
1365,"['1361,M', '1362,M', '1363,M', '1364,M', '1366,M', '1367,M']"
,
1366,"['1361,M', '1362,M', '1363,M', '1364,M', '1365,M', '1367,M']"
,
1367,"['1361,M', '1362,M', '1363,M', '1364,M', '1365,M', '1366,M']"
,
1368,"['1369,M', '1370,M', '1371,M']"
,
1369,"['1368,M', '1370,M', '1371,M']"
,
1370,"['1368,M', '1369,M', '1371,M']"
,
1371,"['1368,M', '1369,M', '1370,M', '1372,M']"
,
1372,"['1371,M']"
,
1373,"['1374,M', '1375,M']"
,
1374,"['1373,M', '1375,M']"
,
1375,"['1373,M', '1374,M']"
,
1376,"['1377,M']"
,
1377,"['1376,M', '1378,M', '1379,M', '1380,M']"
,
1378,"['1377,M', '1379,M', '1380,M', '1381,M', '1382,M']"
,
1379,"['1377,M', '1378,M', '1380,M', '1381,M', '1382,M', '1383,M']"
,
1380,"['1377,M', '1378,M', '1379,M', '1381,M', '1382,M', '1383,M', '1384,M', '1385,M']"
,
1381,"['1378,M', '1379,M', '1380,M', '1382,M', '1383,M', '1384,M', '1385,M']"
,
1382,"['1378,M', '1379,M', '1380,M', '1381,M', '1383,M', '1384,M', '1385,M']"
,
1383,"['1379,M', '1380,M', '1381,M', '1382,M', '1384,M', '1385,M', '1386,M']"
,
1384,"['1380,M', '1381,M', '1382,M', '1383,M', '1385,M', '1386,M']"
,
1385,"['1380,M', '1381,M', '1382,M', '1383,M', '1384,M', '1386,M', '1387,M', '1388,M']"
,
1386,"['1383,M', '1384,M', '1385,M', '1387,M', '1388,M', '1389,M']"
,
1387,"['1385,M', '1386,M', '1388,M', '1389,M']"
,
1388,"['1385,M', '1386,M', '1387,M', '1389,M']"
,
1389,"['1386,M', '1387,M', '1388,M']"
,
1390,[]
,
1391,[]
,
1392,"['1393,M']"
,
1393,"['1392,M']"
,
1394,[]
,
1395,[]
,
1396,[]
,
1397,"['1398,M']"
,
1398,"['1397,M']"
,
1399,[]
,
1400,"['1401,M', '1402,M']"
,
1401,"['1400,M', '1402,M', '1403,M', '1404,M']"
,
1402,"['1400,M', '1401,M', '1403,M', '1404,M', '1405,M']"
,
1403,"['1401,M', '1402,M', '1404,M', '1405,M', '1406,M']"
,
1404,"['1401,M', '1402,M', '1403,M', '1405,M', '1406,M', '1407,M']"
,
1405,"['1402,M', '1403,M', '1404,M', '1406,M', '1407,M', '1408,M']"
,
1406,"['1403,M', '1404,M', '1405,M', '1407,M', '1408,M']"
,
1407,"['1404,M', '1405,M', '1406,M', '1408,M']"
,
1408,"['1405,M', '1406,M', '1407,M', '1409,M']"
,
1409,"['1408,M', '1410,M']"
,
1410,"['1409,M', '1411,M']"
,
1411,"['1410,M']"
,
1412,[]
,
1413,[]
,
1414,"['1415,M']"
,
1415,"['1414,M']"
,
1416,"['1417,M']"
,
1417,"['1416,M']"
,
1418,[]
,
1419,[]
,
1420,[]
,
1421,"['1422,M']"
,
1422,"['1421,M', '1423,M']"
,
1423,"['1422,M', '1424,M']"
,
1424,"['1423,M']"
,
1425,[]
,
1426,"['1427,M', '1428,M', '1429,M']"
,
1427,"['1426,M', '1428,M', '1429,M']"
,
1428,"['1426,M', '1427,M', '1429,M', '1430,M', '1431,M', '1432,M', '1433,M']"
,
1429,"['1426,M', '1427,M', '1428,M', '1430,M', '1431,M', '1432,M', '1433,M', '1434,M', '1435,M']"
,
1430,"['1428,M', '1429,M', '1431,M', '1432,M', '1433,M', '1434,M', '1435,M', '1436,M']"
,
1431,"['1428,M', '1429,M', '1430,M', '1432,M', '1433,M', '1434,M', '1435,M', '1436,M']"
,
1432,"['1428,M', '1429,M', '1430,M', '1431,M', '1433,M', '1434,M', '1435,M', '1436,M']"
,
1433,"['1428,M', '1429,M', '1430,M', '1431,M', '1432,M', '1434,M', '1435,M', '1436,M']"
,
1434,"['1429,M', '1430,M', '1431,M', '1432,M', '1433,M', '1435,M', '1436,M']"
,
1435,"['1429,M', '1430,M', '1431,M', '1432,M', '1433,M', '1434,M', '1436,M']"
,
1436,"['1430,M', '1431,M', '1432,M', '1433,M', '1434,M', '1435,M']"
,
1437,"['1438,M']"
,
1438,"['1437,M']"
,
1439,[]
,
1440,"['1441,M']"
,
1441,"['1440,M']"
,
1442,[]
,
1443,[]
,
1444,"['1445,M']"
,
1445,"['1444,M']"
,
1446,"['1447,M']"
,
1447,"['1446,M']"
,
1448,[]
,
1449,"['1450,M']"
,
1450,"['1449,M']"
,
1451,[]
,
1452,[]
,
1453,[]
,
1454,"['1455,M']"
,
1455,"['1454,M']"
,
1456,[]
,
1457,[]
,
1458,"['1459,M']"
,
1459,"['1458,M']"
,
1460,"['1461,M']"
,
1461,"['1460,M']"
,
1462,"['1463,M', '1464,M']"
,
1463,"['1462,M', '1464,M']"
,
1464,"['1462,M', '1463,M']"
,
1465,[]
,
1466,[]
,
1467,"['1468,M', '1469,M', '1470,M', '1471,M']"
,
1468,"['1467,M', '1469,M', '1470,M', '1471,M']"
,
1469,"['1467,M', '1468,M', '1470,M', '1471,M']"
,
1470,"['1467,M', '1468,M', '1469,M', '1471,M']"
,
1471,"['1467,M', '1468,M', '1469,M', '1470,M']"
,
1472,"['1473,M']"
,
1473,"['1472,M']"
,
1474,"['1475,M']"
,
1475,"['1474,M']"
,
1476,"['1477,M', '1478,M', '1479,M', '1480,M', '1481,M', '1482,M', '1483,M']"
,
1477,"['1476,M', '1478,M', '1479,M', '1480,M', '1481,M', '1482,M', '1483,M', '1484,M']"
,
1478,"['1476,M', '1477,M', '1479,M', '1480,M', '1481,M', '1482,M', '1483,M', '1484,M']"
,
1479,"['1476,M', '1477,M', '1478,M', '1480,M', '1481,M', '1482,M', '1483,M', '1484,M']"
,
1480,"['1476,M', '1477,M', '1478,M', '1479,M', '1481,M', '1482,M', '1483,M', '1484,M']"
,
1481,"['1476,M', '1477,M', '1478,M', '1479,M', '1480,M', '1482,M', '1483,M', '1484,M']"
,
1482,"['1476,M', '1477,M', '1478,M', '1479,M', '1480,M', '1481,M', '1483,M', '1484,M', '1485,M', '1486,M']"
,
1483,"['1476,M', '1477,M', '1478,M', '1479,M', '1480,M', '1481,M', '1482,M', '1484,M', '1485,M', '1486,M']"
,
1484,"['1477,M', '1478,M', '1479,M', '1480,M', '1481,M', '1482,M', '1483,M', '1485,M', '1486,M', '1487,M']"
,
1485,"['1482,M', '1483,M', '1484,M', '1486,M', '1487,M']"
,
1486,"['1482,M', '1483,M', '1484,M', '1485,M', '1487,M']"
,
1487,"['1484,M', '1485,M', '1486,M', '1488,M', '1489,M']"
,
1488,"['1487,M', '1489,M', '1490,M', '1491,M', '1492,M', '1493,M', '1494,M', '1495,M', '1496,M']"
,
1489,"['1487,M', '1488,M', '1490,M', '1491,M', '1492,M', '1493,M', '1494,M', '1495,M', '1496,M']"
,
1490,"['1488,M', '1489,M', '1491,M', '1492,M', '1493,M', '1494,M', '1495,M', '1496,M']"
,
1491,"['1488,M', '1489,M', '1490,M', '1492,M', '1493,M', '1494,M', '1495,M', '1496,M']"
,
1492,"['1488,M', '1489,M', '1490,M', '1491,M', '1493,M', '1494,M', '1495,M', '1496,M']"
,
1493,"['1488,M', '1489,M', '1490,M', '1491,M', '1492,M', '1494,M', '1495,M', '1496,M']"
,
1494,"['1488,M', '1489,M', '1490,M', '1491,M', '1492,M', '1493,M', '1495,M', '1496,M']"
,
1495,"['1488,M', '1489,M', '1490,M', '1491,M', '1492,M', '1493,M', '1494,M', '1496,M']"
,
1496,"['1488,M', '1489,M', '1490,M', '1491,M', '1492,M', '1493,M', '1494,M', '1495,M']"
,
1497,"['1498,M', '1499,M', '1500,M']"
,
1498,"['1497,M', '1499,M', '1500,M']"
,
1499,"['1497,M', '1498,M', '1500,M']"
,
1500,"['1497,M', '1498,M', '1499,M']"
,
1501,"['1502,M', '1503,M', '1504,M']"
,
1502,"['1501,M', '1503,M', '1504,M']"
,
1503,"['1501,M', '1502,M', '1504,M', '1505,M']"
,
1504,"['1501,M', '1502,M', '1503,M', '1505,M', '1506,M']"
,
1505,"['1503,M', '1504,M', '1506,M', '1507,M', '1508,M']"
,
1506,"['1504,M', '1505,M', '1507,M', '1508,M']"
,
1507,"['1505,M', '1506,M', '1508,M']"
,
1508,"['1505,M', '1506,M', '1507,M']"
,
1509,[]
,
1510,"['1511,M']"
,
1511,"['1510,M', '1512,M']"
,
1512,"['1511,M']"
,
1513,[]
,
1514,"['1515,M', '1516,M']"
,
1515,"['1514,M', '1516,M', '1517,M']"
,
1516,"['1514,M', '1515,M', '1517,M']"
,
1517,"['1515,M', '1516,M']"
,
1518,[]
,
1519,[]
,
1520,"['1521,M', '1522,M', '1523,M']"
,
1521,"['1520,M', '1522,M', '1523,M']"
,
1522,"['1520,M', '1521,M', '1523,M']"
,
1523,"['1520,M', '1521,M', '1522,M']"
,
1524,"['1525,M']"
,
1525,"['1524,M']"
,
1526,"['1527,M', '1528,M']"
,
1527,"['1526,M', '1528,M']"
,
1528,"['1526,M', '1527,M']"
,
1529,[]
,
1530,[]
,
1531,[]
,
1532,[]
,
1533,[]
,
1534,"['1535,M']"
,
1535,"['1534,M', '1536,M']"
,
1536,"['1535,M', '1537,M', '1538,M']"
,
1537,"['1536,M', '1538,M', '1539,M']"
,
1538,"['1536,M', '1537,M', '1539,M']"
,
1539,"['1537,M', '1538,M']"
,
1540,[]
,
1541,[]
,
1542,"['1543,M', '1544,M', '1545,M', '1546,M']"
,
1543,"['1542,M', '1544,M', '1545,M', '1546,M']"
,
1544,"['1542,M', '1543,M', '1545,M', '1546,M']"
,
1545,"['1542,M', '1543,M', '1544,M', '1546,M']"
,
1546,"['1542,M', '1543,M', '1544,M', '1545,M']"
,
1547,"['1548,M', '1549,M']"
,
1548,"['1547,M', '1549,M']"
,
1549,"['1547,M', '1548,M']"
,
1550,[]
,
1551,"['1552,M', '1553,M']"
,
1552,"['1551,M', '1553,M', '1554,M']"
,
1553,"['1551,M', '1552,M', '1554,M']"
,
1554,"['1552,M', '1553,M', '1555,M', '1556,M', '1557,M']"
,
1555,"['1554,M', '1556,M', '1557,M', '1558,M']"
,
1556,"['1554,M', '1555,M', '1557,M', '1558,M']"
,
1557,"['1554,M', '1555,M', '1556,M', '1558,M', '1559,M', '1560,M', '1561,M']"
,
1558,"['1555,M', '1556,M', '1557,M', '1559,M', '1560,M', '1561,M', '1562,M', '1563,M']"
,
1559,"['1557,M', '1558,M', '1560,M', '1561,M', '1562,M', '1563,M', '1564,M']"
,
1560,"['1557,M', '1558,M', '1559,M', '1561,M', '1562,M', '1563,M', '1564,M']"
,
1561,"['1557,M', '1558,M', '1559,M', '1560,M', '1562,M', '1563,M', '1564,M']"
,
1562,"['1558,M', '1559,M', '1560,M', '1561,M', '1563,M', '1564,M']"
,
1563,"['1558,M', '1559,M', '1560,M', '1561,M', '1562,M', '1564,M']"
,
1564,"['1559,M', '1560,M', '1561,M', '1562,M', '1563,M', '1565,M']"
,
1565,"['1564,M']"
,
1566,"['1567,M']"
,
1567,"['1566,M', '1568,M']"
,
1568,"['1567,M']"
,
1569,[]
,
1570,[]
,
1571,[]
,
1572,"['1573,M', '1574,M', '1575,M', '1576,M', '1577,M']"
,
1573,"['1572,M', '1574,M', '1575,M', '1576,M', '1577,M', '1578,M']"
,
1574,"['1572,M', '1573,M', '1575,M', '1576,M', '1577,M', '1578,M']"
,
1575,"['1572,M', '1573,M', '1574,M', '1576,M', '1577,M', '1578,M']"
,
1576,"['1572,M', '1573,M', '1574,M', '1575,M', '1577,M', '1578,M']"
,
1577,"['1572,M', '1573,M', '1574,M', '1575,M', '1576,M', '1578,M']"
,
1578,"['1573,M', '1574,M', '1575,M', '1576,M', '1577,M']"
,
1579,[]
,
1580,"['1581,M', '1582,M', '1583,M']"
,
1581,"['1580,M', '1582,M', '1583,M', '1584,M']"
,
1582,"['1580,M', '1581,M', '1583,M', '1584,M']"
,
1583,"['1580,M', '1581,M', '1582,M', '1584,M']"
,
1584,"['1581,M', '1582,M', '1583,M']"
,
1585,[]
,
1586,"['1587,M']"
,
1587,"['1586,M']"
,
1588,"['1589,M']"
,
1589,"['1588,M']"
,
1590,"['1591,M', '1592,M']"
,
1591,"['1590,M', '1592,M', '1593,M', '1594,M']"
,
1592,"['1590,M', '1591,M', '1593,M', '1594,M']"
,
1593,"['1591,M', '1592,M', '1594,M']"
,
1594,"['1591,M', '1592,M', '1593,M']"
,
1595,[]
,
1596,[]
,
1597,[]
,
1598,"['1599,M']"
,
1599,"['1598,M']"
,
1600,"['1601,M', '1602,M']"
,
1601,"['1600,M', '1602,M', '1603,M']"
,
1602,"['1600,M', '1601,M', '1603,M']"
,
1603,"['1601,M', '1602,M', '1604,M']"
,
1604,"['1603,M']"
,
1605,"['1606,M']"
,
1606,"['1605,M']"
,
1607,[]
,
1608,"['1609,M']"
,
1609,"['1608,M']"
,
1610,[]
,
1611,[]
,
1612,"['1613,M']"
,
1613,"['1612,M']"
,
1614,"['1615,M', '1616,M', '1617,M']"
,
1615,"['1614,M', '1616,M', '1617,M', '1618,M', '1619,M']"
,
1616,"['1614,M', '1615,M', '1617,M', '1618,M', '1619,M', '1620,M', '1621,M']"
,
1617,"['1614,M', '1615,M', '1616,M', '1618,M', '1619,M', '1620,M', '1621,M', '1622,M', '1623,M', '1624,M', '1625,M']"
,
1618,"['1615,M', '1616,M', '1617,M', '1619,M', '1620,M', '1621,M', '1622,M', '1623,M', '1624,M', '1625,M', '1626,M', '1627,M']"
,
1619,"['1615,M', '1616,M', '1617,M', '1618,M', '1620,M', '1621,M', '1622,M', '1623,M', '1624,M', '1625,M', '1626,M', '1627,M']"
,
1620,"['1616,M', '1617,M', '1618,M', '1619,M', '1621,M', '1622,M', '1623,M', '1624,M', '1625,M', '1626,M', '1627,M', '1628,M']"
,
1621,"['1616,M', '1617,M', '1618,M', '1619,M', '1620,M', '1622,M', '1623,M', '1624,M', '1625,M', '1626,M', '1627,M', '1628,M']"
,
1622,"['1617,M', '1618,M', '1619,M', '1620,M', '1621,M', '1623,M', '1624,M', '1625,M', '1626,M', '1627,M', '1628,M']"
,
1623,"['1617,M', '1618,M', '1619,M', '1620,M', '1621,M', '1622,M', '1624,M', '1625,M', '1626,M', '1627,M', '1628,M']"
,
1624,"['1617,M', '1618,M', '1619,M', '1620,M', '1621,M', '1622,M', '1623,M', '1625,M', '1626,M', '1627,M', '1628,M']"
,
1625,"['1617,M', '1618,M', '1619,M', '1620,M', '1621,M', '1622,M', '1623,M', '1624,M', '1626,M', '1627,M', '1628,M']"
,
1626,"['1618,M', '1619,M', '1620,M', '1621,M', '1622,M', '1623,M', '1624,M', '1625,M', '1627,M', '1628,M']"
,
1627,"['1618,M', '1619,M', '1620,M', '1621,M', '1622,M', '1623,M', '1624,M', '1625,M', '1626,M', '1628,M', '1629,M']"
,
1628,"['1620,M', '1621,M', '1622,M', '1623,M', '1624,M', '1625,M', '1626,M', '1627,M', '1629,M', '1630,M']"
,
1629,"['1627,M', '1628,M', '1630,M']"
,
1630,"['1628,M', '1629,M', '1631,M']"
,
1631,"['1630,M', '1632,M', '1633,M']"
,
1632,"['1631,M', '1633,M', '1634,M']"
,
1633,"['1631,M', '1632,M', '1634,M']"
,
1634,"['1632,M', '1633,M']"
,
1635,[]
,
1636,"['1637,M']"
,
1637,"['1636,M']"
,
1638,"['1639,M']"
,
1639,"['1638,M']"
,
1640,[]
,
1641,"['1642,M', '1643,M']"
,
1642,"['1641,M', '1643,M']"
,
1643,"['1641,M', '1642,M']"
,
1644,[]
,
1645,"['1646,M']"
,
1646,"['1645,M', '1647,M']"
,
1647,"['1646,M', '1648,M']"
,
1648,"['1647,M']"
,
1649,[]
,
1650,[]
,
1651,[]
,
1652,[]
,
1653,[]
,
1654,"['1655,M']"
,
1655,"['1654,M']"
,
1656,[]
,
1657,"['1658,M']"
,
1658,"['1657,M']"
,
1659,"['1660,M', '1661,M']"
,
1660,"['1659,M', '1661,M']"
,
1661,"['1659,M', '1660,M']"
,
1662,"['1663,M']"
,
1663,"['1662,M']"
,
1664,"['1665,M']"
,
1665,"['1664,M']"
,
1666,"['1667,M', '1668,M', '1669,M', '1670,M']"
,
1667,"['1666,M', '1668,M', '1669,M', '1670,M', '1671,M']"
,
1668,"['1666,M', '1667,M', '1669,M', '1670,M', '1671,M']"
,
1669,"['1666,M', '1667,M', '1668,M', '1670,M', '1671,M', '1672,M']"
,
1670,"['1666,M', '1667,M', '1668,M', '1669,M', '1671,M', '1672,M']"
,
1671,"['1667,M', '1668,M', '1669,M', '1670,M', '1672,M']"
,
1672,"['1669,M', '1670,M', '1671,M']"
,
1673,[]
,
1674,[]
,
1675,[]
,
1676,"['1677,M', '1678,M', '1679,M', '1680,M', '1681,M', '1682,M', '1683,M', '1684,M', '1685,M']"
,
1677,"['1676,M', '1678,M', '1679,M', '1680,M', '1681,M', '1682,M', '1683,M', '1684,M', '1685,M', '1686,M']"
,
1678,"['1676,M', '1677,M', '1679,M', '1680,M', '1681,M', '1682,M', '1683,M', '1684,M', '1685,M', '1686,M', '1687,M']"
,
1679,"['1676,M', '1677,M', '1678,M', '1680,M', '1681,M', '1682,M', '1683,M', '1684,M', '1685,M', '1686,M', '1687,M']"
,
1680,"['1676,M', '1677,M', '1678,M', '1679,M', '1681,M', '1682,M', '1683,M', '1684,M', '1685,M', '1686,M', '1687,M']"
,
1681,"['1676,M', '1677,M', '1678,M', '1679,M', '1680,M', '1682,M', '1683,M', '1684,M', '1685,M', '1686,M', '1687,M']"
,
1682,"['1676,M', '1677,M', '1678,M', '1679,M', '1680,M', '1681,M', '1683,M', '1684,M', '1685,M', '1686,M', '1687,M']"
,
1683,"['1676,M', '1677,M', '1678,M', '1679,M', '1680,M', '1681,M', '1682,M', '1684,M', '1685,M', '1686,M', '1687,M']"
,
1684,"['1676,M', '1677,M', '1678,M', '1679,M', '1680,M', '1681,M', '1682,M', '1683,M', '1685,M', '1686,M', '1687,M']"
,
1685,"['1676,M', '1677,M', '1678,M', '1679,M', '1680,M', '1681,M', '1682,M', '1683,M', '1684,M', '1686,M', '1687,M']"
,
1686,"['1677,M', '1678,M', '1679,M', '1680,M', '1681,M', '1682,M', '1683,M', '1684,M', '1685,M', '1687,M']"
,
1687,"['1678,M', '1679,M', '1680,M', '1681,M', '1682,M', '1683,M', '1684,M', '1685,M', '1686,M', '1688,M']"
,
1688,"['1687,M', '1689,M', '1690,M', '1691,M', '1692,M']"
,
1689,"['1688,M', '1690,M', '1691,M', '1692,M']"
,
1690,"['1688,M', '1689,M', '1691,M', '1692,M', '1693,M', '1694,M', '1695,M']"
,
1691,"['1688,M', '1689,M', '1690,M', '1692,M', '1693,M', '1694,M', '1695,M', '1696,M']"
,
1692,"['1688,M', '1689,M', '1690,M', '1691,M', '1693,M', '1694,M', '1695,M', '1696,M']"
,
1693,"['1690,M', '1691,M', '1692,M', '1694,M', '1695,M', '1696,M', '1697,M', '1698,M']"
,
1694,"['1690,M', '1691,M', '1692,M', '1693,M', '1695,M', '1696,M', '1697,M', '1698,M']"
,
1695,"['1690,M', '1691,M', '1692,M', '1693,M', '1694,M', '1696,M', '1697,M', '1698,M']"
,
1696,"['1691,M', '1692,M', '1693,M', '1694,M', '1695,M', '1697,M', '1698,M', '1699,M']"
,
1697,"['1693,M', '1694,M', '1695,M', '1696,M', '1698,M', '1699,M', '1700,M']"
,
1698,"['1693,M', '1694,M', '1695,M', '1696,M', '1697,M', '1699,M', '1700,M']"
,
1699,"['1696,M', '1697,M', '1698,M', '1700,M', '1701,M']"
,
1700,"['1697,M', '1698,M', '1699,M', '1701,M']"
,
1701,"['1699,M', '1700,M']"
,
1702,[]
,
1703,[]
,
1704,[]
,
1705,"['1706,M', '1707,M']"
,
1706,"['1705,M', '1707,M']"
,
1707,"['1705,M', '1706,M']"
,
1708,"['1709,M', '1710,M']"
,
1709,"['1708,M', '1710,M']"
,
1710,"['1708,M', '1709,M']"
,
1711,[]
,
1712,[]
,
1713,[]
,
1714,[]
577 CLASS X FLARES BELOW,
1715,[]
,
1716,[]
,
1717,[]
,
1718,[]
,
1719,[]
,
1720,[]
,
1721,[]
,
1722,[]
,
1723,[]
,
1724,[]
,
1725,"['1726,X']"
,
1726,"['1725,X']"
,
1727,[]
,
1728,[]
,
1729,[]
,
1730,"['1731,X', '1732,X']"
,
1731,"['1730,X', '1732,X']"
,
1732,"['1730,X', '1731,X']"
,
1733,[]
,
1734,"['1735,X']"
,
1735,"['1734,X']"
,
1736,[]
,
1737,[]
,
1738,[]
,
1739,[]
,
1740,[]
,
1741,[]
,
1742,[]
,
1743,[]
,
1744,[]
,
1745,[]
,
1746,"['1747,X', '1748,X']"
,
1747,"['1746,X', '1748,X']"
,
1748,"['1746,X', '1747,X']"
,
1749,[]
,
1750,[]
,
1751,[]
,
1752,"['1753,X']"
,
1753,"['1752,X', '1754,X']"
,
1754,"['1753,X']"
,
1755,[]
,
1756,[]
,
1757,[]
,
1758,[]
,
1759,[]
,
1760,"['1761,X']"
,
1761,"['1760,X']"
,
1762,[]
,
1763,[]
,
1764,[]
,
1765,[]
